{
  "HALProvider": {
    "Other Devices": {
      "window": {
        "visible": false
      }
    },
    "RoboRIO": {
      "window": {
        "visible": true
      }
    }
  },
  "NTProvider": {
    "types": {
      "/FMSInfo": "FMSInfo",
      "/SmartDashboard/Scheduler": "Scheduler",
      "/SmartDashboard/Telemetry Level": "String Chooser",
      "/field": "Field2d"
    },
    "windows": {
      "/SmartDashboard/Scheduler": {
        "window": {
          "visible": true
        }
      },
      "/field": {
        "Foe": {
          "arrowSize": 21,
          "length": 0.75,
          "weight": 8.0,
          "width": 0.75
        },
        "Force": {
          "arrowColor": [
            255.0,
            0.0,
            214.73687744140625,
            255.0
          ],
          "arrowSize": 29,
          "style": "Hidden"
        },
        "Friend": {
          "arrowSize": 21,
          "color": [
            0.0,
            0.0,
            255.0,
            255.0
          ],
          "length": 0.75,
          "weight": 8.0,
          "width": 0.75
        },
        "Note": {
          "arrows": false,
          "color": [
            0.9941520690917969,
            0.488355427980423,
            0.0,
            255.0
          ],
          "length": 0.30000001192092896,
          "style": "Box/Image",
          "weight": 5.0,
          "width": 0.30000001192092896
        },
        "Obstacle": {
          "arrows": false,
          "color": [
            1.0,
            1.0,
            1.0,
            255.0
          ],
          "length": 0.30000001192092896,
          "style": "Box/Image",
          "weight": 8.0,
          "width": 0.30000001192092896
        },
        "Player": {
          "arrowColor": [
            0.988304078578949,
            0.6284506916999817,
            0.011559126898646355,
            255.0
          ],
          "arrowWeight": 10.0,
          "color": [
            0.05049490928649902,
            0.017030874267220497,
            0.9707602262496948,
            255.0
          ],
          "length": 0.75,
          "weight": 10.0,
          "width": 0.75
        },
        "ball": {
          "arrows": false,
          "selectable": false
        },
        "bottom": 1476,
        "desired": {
          "arrowColor": [
            0.36340954899787903,
            0.9532163739204407,
            0.04459491744637489,
            255.0
          ],
          "arrowSize": 33,
          "style": "Hidden"
        },
        "height": 8.210550308227539,
        "left": 150,
        "right": 2961,
        "tactics": {
          "arrowColor": [
            241.57896423339844,
            255.0,
            0.0,
            255.0
          ],
          "arrowSize": 17,
          "style": "Hidden"
        },
        "top": 79,
        "width": 16.541748046875,
        "window": {
          "visible": true
        }
      }
    }
  },
  "NetworkTables": {
    "retained": {
      "field": {
        "double[]##v_/field/ball": {
          "open": true
        },
        "open": true
      }
    },
    "transitory": {
      "Shuffleboard": {
        "open": true
      },
      "SmartDashboard": {
        "Scheduler": {
          "open": true
        },
        "open": true
      }
    }
  },
  "NetworkTables Info": {
    "visible": true
  }
}
